<?xml version="1.0"?>

<portlet-app xmlns="http://java.sun.com/xml/ns/portlet/portlet-app_2_0.xsd" xmlns:xsi="http://www.w3.org/2001/XMLSchema-instance" xsi:schemaLocation="http://java.sun.com/xml/ns/portlet/portlet-app_2_0.xsd http://java.sun.com/xml/ns/portlet/portlet-app_2_0.xsd" version="2.0">
	<portlet>
		<portlet-name>com.equifax.bootsfaces.portlet</portlet-name>
		<display-name>com.equifax.bootsfaces.portlet</display-name>
		<portlet-class>javax.portlet.faces.GenericFacesPortlet</portlet-class>
		<init-param>
			<name>javax.portlet.faces.defaultViewId.view</name>
			<value>/WEB-INF/views/view.xhtml</value>
		</init-param>
		<expiration-cache>0</expiration-cache>
		<supports>
			<mime-type>text/html</mime-type>
		</supports>
		<portlet-info>
			<title>com.equifax.bootsfaces.portlet</title>
			<short-title>com.equifax.bootsfaces.portlet</short-title>
			<keywords>com.equifax.bootsfaces.portlet</keywords>
		</portlet-info>
		<security-role-ref>
			<role-name>administrator</role-name>
		</security-role-ref>
		<security-role-ref>
			<role-name>guest</role-name>
		</security-role-ref>
		<security-role-ref>
			<role-name>power-user</role-name>
		</security-role-ref>
		<security-role-ref>
			<role-name>user</role-name>
		</security-role-ref>
	</portlet>
</portlet-app>